-- phpMyAdmin SQL Dump
-- version 4.9.2
-- https://www.phpmyadmin.net/
--
-- Hôte : 127.0.0.1:3306
-- Généré le :  mer. 28 avr. 2021 à 15:20
-- Version du serveur :  10.4.10-MariaDB
-- Version de PHP :  7.4.0

SET SQL_MODE = "NO_AUTO_VALUE_ON_ZERO";
SET AUTOCOMMIT = 0;
START TRANSACTION;
SET time_zone = "+00:00";


/*!40101 SET @OLD_CHARACTER_SET_CLIENT=@@CHARACTER_SET_CLIENT */;
/*!40101 SET @OLD_CHARACTER_SET_RESULTS=@@CHARACTER_SET_RESULTS */;
/*!40101 SET @OLD_COLLATION_CONNECTION=@@COLLATION_CONNECTION */;
/*!40101 SET NAMES utf8mb4 */;

--
-- Base de données :  `moon-meet`
--

-- --------------------------------------------------------

--
-- Structure de la table `admins`
--

DROP TABLE IF EXISTS `admins`;
CREATE TABLE IF NOT EXISTS `admins` (
  `admin_id` int(11) NOT NULL AUTO_INCREMENT,
  `username` varchar(255) NOT NULL,
  `password` varchar(255) NOT NULL,
  `email` varchar(255) DEFAULT NULL,
  `firstname` varchar(255) DEFAULT NULL,
  `lastname` varchar(255) DEFAULT NULL,
  PRIMARY KEY (`admin_id`)
) ENGINE=MyISAM AUTO_INCREMENT=2 DEFAULT CHARSET=latin1;

--
-- Déchargement des données de la table `admins`
--

INSERT INTO `admins` (`admin_id`, `username`, `password`, `email`, `firstname`, `lastname`) VALUES
(1, 'azizvirus', '$2y$10$33UVik0qZ4ixZZl6tR2CLu9M2/GY8iABakCcBzjYUt1mMY06Xyy3u', 'aziz07becha@gmail.com', 'Aziz', 'Becha');

-- --------------------------------------------------------

--
-- Structure de la table `announcements`
--

DROP TABLE IF EXISTS `announcements`;
CREATE TABLE IF NOT EXISTS `announcements` (
  `announcement_id` int(6) UNSIGNED NOT NULL AUTO_INCREMENT,
  `by_admin` varchar(30) NOT NULL,
  `title` varchar(30) NOT NULL,
  `content` varchar(50) DEFAULT NULL,
  `date` timestamp NOT NULL DEFAULT current_timestamp() ON UPDATE current_timestamp(),
  PRIMARY KEY (`announcement_id`)
) ENGINE=MyISAM AUTO_INCREMENT=2 DEFAULT CHARSET=latin1;

--
-- Déchargement des données de la table `announcements`
--

INSERT INTO `announcements` (`announcement_id`, `by_admin`, `title`, `content`, `date`) VALUES
(1, 'azizvirus', 'test announcement', 'hello this is an announcement', '2021-01-21 21:54:16');

-- --------------------------------------------------------

--
-- Structure de la table `banned`
--

DROP TABLE IF EXISTS `banned`;
CREATE TABLE IF NOT EXISTS `banned` (
  `ban_id` int(6) UNSIGNED NOT NULL AUTO_INCREMENT,
  `user` varchar(255) NOT NULL,
  `reason` text DEFAULT NULL,
  `banned_on` timestamp NOT NULL DEFAULT current_timestamp() ON UPDATE current_timestamp(),
  PRIMARY KEY (`ban_id`)
) ENGINE=MyISAM AUTO_INCREMENT=5 DEFAULT CHARSET=latin1;

--
-- Déchargement des données de la table `banned`
--

INSERT INTO `banned` (`ban_id`, `user`, `reason`, `banned_on`) VALUES
(1, '', 'cheating', '2020-12-30 22:51:21'),
(2, 'test', 'cheating', '2020-12-30 22:51:57'),
(3, 'test', 'cheating', '2020-12-30 22:54:51'),
(4, 'test', 'cheating', '2020-12-30 22:54:51');

-- --------------------------------------------------------

--
-- Structure de la table `chat_message`
--

DROP TABLE IF EXISTS `chat_message`;
CREATE TABLE IF NOT EXISTS `chat_message` (
  `chat_message_id` int(11) NOT NULL AUTO_INCREMENT,
  `to_user_id` int(11) NOT NULL,
  `from_user_id` int(11) NOT NULL,
  `chat_message` mediumtext COLLATE utf8mb4_unicode_ci NOT NULL,
  `timestamp` timestamp NOT NULL DEFAULT current_timestamp(),
  `status` int(1) NOT NULL,
  PRIMARY KEY (`chat_message_id`)
) ENGINE=MyISAM AUTO_INCREMENT=281 DEFAULT CHARSET=utf8mb4 COLLATE=utf8mb4_unicode_ci;

--
-- Déchargement des données de la table `chat_message`
--

INSERT INTO `chat_message` (`chat_message_id`, `to_user_id`, `from_user_id`, `chat_message`, `timestamp`, `status`) VALUES
(162, 14, 12, 'sqd', '2020-12-23 19:23:54', 0),
(163, 12, 14, 'hello yahya', '2020-12-23 20:55:55', 2),
(164, 3, 14, 'wa', '2020-12-24 13:37:50', 2),
(165, 12, 14, 'hello yahya', '2020-12-24 15:00:36', 2),
(166, 3, 14, 'sqd', '2020-12-24 20:19:53', 2),
(161, 14, 12, 'hello aziz', '2020-12-23 19:22:35', 0),
(160, 12, 14, 'uk', '2020-12-23 19:20:56', 2),
(167, 15, 14, 'hello test', '2020-12-26 16:42:08', 2),
(168, 14, 12, 'qsd', '2020-12-26 16:59:53', 0),
(169, 14, 12, 'sqd', '2020-12-26 17:00:43', 0),
(170, 15, 14, 'dsd', '2020-12-27 12:28:26', 2),
(171, 12, 14, 'qsddqdqf', '2020-12-29 16:56:49', 2),
(172, 15, 14, 'bonsoir', '2020-12-29 22:36:18', 2),
(173, 15, 14, 'sqdqsd', '2020-12-29 22:36:42', 2),
(174, 15, 14, 'sqdqsd', '2020-12-29 22:36:44', 2),
(175, 15, 14, 'qsdqsd', '2020-12-29 22:36:45', 2),
(176, 14, 12, 'qsdqsd', '2020-12-29 22:37:27', 0),
(177, 14, 12, 'qsdsqd', '2020-12-29 22:37:34', 0),
(178, 15, 14, 'wa test cv', '2021-01-01 11:48:47', 2),
(179, 12, 14, 'Hello yahyabecha123 !', '2021-01-01 21:43:53', 2),
(180, 14, 12, 'hello there !', '2021-01-01 21:44:32', 0),
(181, 14, 12, 'ef', '2021-01-05 16:10:14', 0),
(182, 15, 12, 'qsd', '2021-01-05 16:43:47', 0),
(183, 12, 14, 'dqsd', '2021-01-05 16:57:48', 2),
(184, 12, 15, 'sqd', '2021-01-05 16:59:17', 2),
(185, 12, 14, 'sqdqsdqsd-agsqdqsdqsd-agsqdqsdqsd-agsqdqsdqsd-agsqdqsdqsd-agsqdqsdqsd-agsqdqsdqsd-agsqdqsdqsd-agsqdqsdqsd-agsqdqsdqsd-agsqdqsdqsd-agsqdqsdqsd-agsqdqsdqsd-agsqdqsdqsd-agsqdqsdqsd-agsqdqsdqsd-agsqdqsdqsd-agsqdqsdqsd-agsqdqsdqsd-agsqdqsdqsd-ag', '2021-01-05 17:46:32', 2),
(186, 14, 12, 'sqd', '2021-01-05 18:15:39', 0),
(187, 14, 12, 'qsd', '2021-01-05 18:15:41', 0),
(188, 15, 12, 'sqd', '2021-01-05 18:16:33', 1),
(189, 15, 12, 'qsd', '2021-01-05 18:16:43', 1),
(190, 15, 12, 'sqdqsd', '2021-01-05 18:16:46', 1),
(191, 12, 14, 'sqd', '2021-01-05 18:16:52', 2),
(192, 12, 14, ', ,n,', '2021-01-05 20:45:49', 0),
(193, 12, 14, 'sqdqsdqsdsqdsqdqsdqsdsqdsqdqsdqsdsqdsqdqsdqsdsqdsqdqsdqsdsqdsqdqsdqsdsqdsqdqsdqsdsqdsqdqsdqsdsqdsqdqsdqsdsqdsqdqsdqsdsqdsqdqsdqsdsqdsqdqsdqsdsqdsqdqsdqsdsqdsqdqsdqsdsqdsqdqsdqsdsqdsqdqsdqsdsqdsqdqsdqsdsqdsqdqsdqsdsqdsqdqsdqsdsqdsqdqsdqsdsqdsqdqsdqsdsqdsqdqsdqsdsqd', '2021-01-05 20:52:13', 2),
(194, 12, 14, 'wa', '2021-01-05 20:55:05', 2),
(195, 12, 14, 'qsdsqdqsdsqdqsdsqdqsdsqdqsdsqdqsdsqdqsdsqdqsdsqdqsdsqdqsdsqdqsdsqdqsdsqdqsdsqdqsdsqdqsdsqdqsdsqdqsdsqdqsdsqdqsdsqdqsdsqdqsdsqdqsdsqdqsdsqdqsdsqdqsdsqdqsdsqdqsdsqdqsdsqdqsdsqdqsdsqdqsdsqdqsdsqdqsdsqdqsdsqdqsdsqdqsdsqdqsdsqdqsdsqdqsdsqdqsdsqdqsdsqdqsdsqdqsdsqdqsdsqdqsdsqdqsdsqdqsdsqdqsdsqdqsdsqdqsdsqdqsdsqdqsdsqdqsdsqdqsdsqdqsdsqdqsdsqdqsdsqdqsdsqdqsdsqd', '2021-01-05 21:32:29', 2),
(197, 12, 14, 'salut\nqzsdqsd', '2021-01-07 11:50:08', 2),
(198, 15, 14, 'wa', '2021-01-10 08:36:21', 2),
(199, 12, 14, 'hello there', '2021-01-12 19:20:13', 2),
(200, 12, 14, 'hello aziz', '2021-01-15 14:40:55', 2),
(201, 12, 14, 'how are you ?', '2021-01-15 14:41:02', 2),
(202, 12, 14, 'efhfutgzgdodgjd$irdhf ddhgjkffrmfkfn', '2021-01-15 21:49:17', 2),
(203, 12, 14, 'frg', '2021-01-16 08:42:14', 0),
(204, 14, 12, 'hello aziz !', '2021-01-16 09:43:59', 0),
(205, 12, 14, 'hello yahya!', '2021-01-16 09:44:09', 0),
(206, 14, 12, 'how are you ?', '2021-01-16 09:44:23', 0),
(207, 14, 12, '😄😄', '2021-01-16 16:25:25', 0),
(208, 16, 12, '👌🏻🤟🤟', '2021-01-16 18:07:33', 0),
(209, 15, 12, '👍👍👍mrgl', '2021-01-16 18:29:18', 1),
(210, 14, 12, '🤟👌🏻👌🏻👌🏻👌🏻👌🏻yes', '2021-01-16 19:08:36', 0),
(211, 15, 14, 'erfererfererfererfererfererfererfererfererfererfererfererfererfererfererfererfererfererfererfererfererfererfererfererfererfererfererfererfererfererfererfererfererfererfererfererfererfererfererfererfererfererfererfererfererfererfererfererfererfererfererfererfererfererfererfererfererfererfererfererfererfererfererfererfererfererfererfererfererfererfererfererfererfererfererfererfererfererfererfererfererfererfererfererfererfererfererfererfererfererfererfererfererfererfererfererfererfererfererfererfererfererfererfererfererfererfererfererfererfererfererfererfererfererfererfererfererfererfererfererfererfererfererfererfererfererfererfererfererfererfererfererfererfererfererfererfererfererfererfererfererfererfererfererfererfererfererfererfererfererfererfererfererfererfererfererfererfererfererfererfererfererfererfererfererfererfererfererfererfererfererfererfererfererfererfererfer😋😋😆🙃😚😉🙃', '2021-01-16 19:38:32', 2),
(212, 14, 12, '😄😄😄😅😇😙😂😅', '2021-01-16 19:43:17', 0),
(213, 16, 14, 'wa user😍', '2021-01-17 09:48:34', 0),
(214, 14, 17, 'as', '2021-01-17 12:08:12', 2),
(215, 15, 17, 'hi', '2021-01-17 12:19:08', 2),
(216, 14, 12, 'bonour aziz 😉😋', '2021-01-18 11:13:08', 0),
(217, 14, 16, 'qsd', '2021-01-18 11:27:53', 0),
(218, 14, 16, '\"rfe', '2021-01-18 18:35:26', 2),
(219, 14, 16, '😉😚🙂😉😋😋srgsrgrsg', '2021-01-18 18:35:36', 0),
(220, 14, 16, 'sdqdsqsd', '2021-01-18 18:38:35', 0),
(221, 14, 16, 'sdqdsqsd', '2021-01-18 18:38:35', 0),
(222, 14, 12, 'qsdqs', '2021-01-19 11:33:02', 0),
(223, 17, 14, 'hi', '2021-01-20 21:59:18', 2),
(224, 17, 14, 'hi', '2021-01-20 21:59:55', 2),
(225, 17, 14, 'zdzdqzdqzzdzdqzdqzzdzdqzdqzzdzdqzdqzzdzdqzdqzzdzdqzdqzzdzdqzdqzzdzdqzdqzzdzdqzdqzzdzdqzdqzzdzdqzdqzzdzdqzdqzzdzdqzdqzzdzdqzdqzzdzdqzdqzzdzdqzdqzzdzdqzdqzzdzdqzdqzzdzdqzdqzzdzdqzdqzzdzdqzdqzzdzdqzdqz', '2021-01-22 16:12:26', 1),
(226, 17, 14, 'hello world', '2021-01-22 16:16:53', 1),
(227, 16, 14, 'ئضصيشيشي', '2021-01-23 22:53:11', 2),
(228, 16, 14, 'wa', '2021-01-23 22:53:15', 1),
(229, 16, 14, '😂😏😏☹', '2021-01-24 13:58:30', 1),
(230, 12, 14, 'qsdq', '2021-01-24 14:27:23', 0),
(231, 12, 14, 'wa', '2021-01-25 21:02:27', 0),
(232, 16, 14, '😋', '2021-01-30 20:46:00', 2),
(233, 17, 14, 'efezsf', '2021-02-04 20:27:18', 1),
(234, 14, 12, 'j', '2021-02-04 20:32:29', 0),
(235, 12, 14, 'esf', '2021-02-04 20:41:00', 0),
(236, 14, 12, 'ertgr', '2021-02-04 20:50:47', 0),
(237, 14, 12, 'zrf', '2021-02-04 20:50:52', 0),
(238, 14, 12, 'ç_ol', '2021-02-04 20:56:53', 0),
(239, 14, 12, '\'\'', '2021-02-04 20:56:56', 2),
(240, 14, 12, '\"--', '2021-02-04 20:57:07', 2),
(241, 14, 12, '<div class=\'alert alert-danger\'>qdqsd</div>', '2021-02-04 20:57:32', 2),
(242, 16, 14, 'zqd', '2021-02-05 21:07:29', 1),
(243, 17, 14, 'zqd', '2021-02-05 21:19:40', 2),
(244, 17, 14, 'qd', '2021-02-05 21:20:30', 2),
(245, 16, 14, 'ijçu', '2021-02-08 21:11:43', 2),
(246, 17, 14, 'qzdqzd', '2021-02-09 13:33:04', 1),
(247, 17, 14, 'AZSZS', '2021-02-09 13:33:11', 1),
(248, 17, 14, 'wa', '2021-02-09 17:19:31', 1),
(249, 17, 14, 'qd', '2021-02-09 17:21:16', 1),
(250, 12, 14, 'gg', '2021-02-09 21:56:03', 0),
(251, 17, 14, 'wa', '2021-02-11 20:57:58', 1),
(252, 17, 14, 'wa', '2021-02-11 20:57:58', 1),
(253, 17, 14, 'sa', '2021-02-11 20:58:12', 1),
(254, 17, 14, 'sa', '2021-02-11 20:58:12', 1),
(255, 17, 14, 'wa', '2021-02-11 20:58:18', 1),
(256, 17, 14, 'zd', '2021-02-11 21:00:07', 2),
(257, 16, 14, 'r', '2021-02-11 21:14:16', 1),
(258, 14, 12, 'wa', '2021-02-11 21:17:59', 0),
(259, 14, 12, 'wa', '2021-02-11 21:17:59', 0),
(260, 12, 14, 'wa', '2021-02-11 21:27:47', 0),
(261, 12, 14, 'wa', '2021-02-11 21:27:47', 0),
(262, 12, 14, 'wa', '2021-02-11 21:28:09', 0),
(263, 12, 14, 'wa', '2021-02-11 21:28:19', 0),
(264, 12, 14, 'sound is working', '2021-02-11 21:28:25', 0),
(265, 16, 14, '😂😂😂😂', '2021-02-11 21:45:18', 1),
(266, 17, 14, 'wa', '2021-02-11 21:46:25', 2),
(267, 16, 14, 'fhh', '2021-02-11 21:52:51', 1),
(268, 17, 14, 'gm', '2021-02-12 09:47:18', 1),
(269, 17, 14, 'zzaSazs', '2021-02-12 09:55:37', 1),
(270, 17, 14, 'a', '2021-02-12 09:58:46', 1),
(271, 17, 14, 'asaASsqsQS', '2021-02-12 11:26:06', 1),
(272, 17, 14, 'wa', '2021-02-13 13:50:54', 1),
(273, 17, 14, 'zdzqsdqd', '2021-02-16 11:12:20', 1),
(274, 17, 14, 'zqd', '2021-02-16 11:12:25', 1),
(275, 19, 14, 's', '2021-04-20 11:39:36', 1),
(276, 19, 14, '&#60;script&#62;alert(&#34;edgdrg&#34;)&#60;/script&#62;', '2021-04-20 11:41:25', 1),
(277, 19, 14, 'hello 😄', '2021-04-26 10:32:20', 1),
(278, 19, 14, '❤', '2021-04-26 11:26:22', 1),
(279, 19, 14, ':moon:', '2021-04-26 20:34:55', 2),
(280, 19, 14, '🔥', '2021-04-26 20:35:02', 1);

-- --------------------------------------------------------

--
-- Structure de la table `developers`
--

DROP TABLE IF EXISTS `developers`;
CREATE TABLE IF NOT EXISTS `developers` (
  `developer_id` int(11) NOT NULL AUTO_INCREMENT,
  `email` varchar(255) DEFAULT NULL,
  `firstname` varchar(255) DEFAULT NULL,
  `lastname` varchar(255) DEFAULT NULL,
  `phone` varchar(255) DEFAULT NULL,
  `birthdate` varchar(255) DEFAULT NULL,
  PRIMARY KEY (`developer_id`)
) ENGINE=MyISAM AUTO_INCREMENT=2 DEFAULT CHARSET=latin1;

--
-- Déchargement des données de la table `developers`
--

INSERT INTO `developers` (`developer_id`, `email`, `firstname`, `lastname`, `phone`, `birthdate`) VALUES
(1, 'aziz07becha@gmail.com', 'Aziz', 'Becha', '21655759911', '2005-05-12');

-- --------------------------------------------------------

--
-- Structure de la table `followers`
--

DROP TABLE IF EXISTS `followers`;
CREATE TABLE IF NOT EXISTS `followers` (
  `follow_id` int(11) NOT NULL AUTO_INCREMENT,
  `follower` varchar(255) NOT NULL,
  `folowing` varchar(255) NOT NULL,
  `following_from` timestamp NOT NULL DEFAULT current_timestamp() ON UPDATE current_timestamp(),
  PRIMARY KEY (`follow_id`)
) ENGINE=MyISAM DEFAULT CHARSET=latin1;

-- --------------------------------------------------------

--
-- Structure de la table `likes`
--

DROP TABLE IF EXISTS `likes`;
CREATE TABLE IF NOT EXISTS `likes` (
  `like_id` int(11) NOT NULL AUTO_INCREMENT,
  `by_user` varchar(255) NOT NULL,
  `for_post` varchar(255) NOT NULL,
  PRIMARY KEY (`like_id`)
) ENGINE=MyISAM DEFAULT CHARSET=latin1;

-- --------------------------------------------------------

--
-- Structure de la table `login`
--

DROP TABLE IF EXISTS `login`;
CREATE TABLE IF NOT EXISTS `login` (
  `user_id` int(11) NOT NULL AUTO_INCREMENT,
  `username` varchar(255) NOT NULL,
  `password` varchar(255) NOT NULL,
  `email` varchar(255) DEFAULT NULL,
  `firstname` varchar(255) DEFAULT NULL,
  `lastname` varchar(255) DEFAULT NULL,
  `phone` varchar(255) DEFAULT NULL,
  `birthdate` varchar(255) DEFAULT NULL,
  `gender` varchar(255) DEFAULT NULL,
  `bio` varchar(255) DEFAULT NULL,
  `profile_image` varchar(255) DEFAULT NULL,
  `join_date` timestamp NOT NULL DEFAULT current_timestamp() ON UPDATE current_timestamp(),
  `state` varchar(255) DEFAULT NULL,
  `balance` varchar(255) DEFAULT '10',
  `popularity` varchar(255) DEFAULT '0',
  `badge` varchar(255) DEFAULT 'user',
  PRIMARY KEY (`user_id`)
) ENGINE=InnoDB AUTO_INCREMENT=20 DEFAULT CHARSET=latin1;

--
-- Déchargement des données de la table `login`
--

INSERT INTO `login` (`user_id`, `username`, `password`, `email`, `firstname`, `lastname`, `phone`, `birthdate`, `gender`, `bio`, `profile_image`, `join_date`, `state`, `balance`, `popularity`, `badge`) VALUES
(3, 'davidMoore', '$2y$10$4REfvTZpxLgkAR/lKG9QiOkSdahOYIR3MeoGJAyiWmRkEFfjH3396', NULL, NULL, NULL, NULL, NULL, NULL, NULL, 'images/users/profile-image/mockup-laptop-desk-back-blue-wall-background_41470-302.jpg', '2021-01-15 15:03:13', 'approved', '1000', '0', 'user'),
(12, 'yahyabecha123', '$2y$10$eLOUhLCKVh9MdatWi2Wgm./P2HEfW4WsoEZbB9KrHqh7RTuzlYDZa', 'yahya@gmail.com', 'yahya', 'becha', '1234566', '2010-05-15', 'Male', 'my name is yahya becha my brother aziz becha', 'images/users/profile-image/circle.PNG', '2021-01-15 15:02:14', NULL, '800', '1050', 'user'),
(14, 'azizvirus', '$2y$10$8b/YgxMBUNHLAEzov1HcxechXwt2oi1adeqj.lAA7a0whOMvenrs2', 'aziz07becha@gmail.com', 'Aziz', 'Becha', '55759911', '2005-05-12', 'Male', 'Co-Founder & Developer At MoonMeet Project.', 'images/users/profile-image/651579726475.png', '2021-01-25 20:07:55', NULL, '651', '887', 'admin'),
(15, 'test', '$2y$10$BEh9IFUHmsoj1b76m1R3Xei2/VILoSvAe8zMJ/uHQSr24Lg.ilyba', 'test@test.com', 'test', 'test', '5484', '2005-05-12', 'Male', 'test', 'images/users/profile-image/26689.jpg', '2021-01-15 15:04:03', 'approved', '1000', '0', 'user'),
(16, 'user', '$2y$10$TOB7FMumraqjOm6B.Ng1IOAo/QCuhvg5vGYG1x3NRIFYcWFdFZvyC', 'user@user.com', 'user', 'user', '54864', '2000-11-11', 'Male', 'user', NULL, '2021-01-14 17:50:52', NULL, '10', '0', 'user'),
(17, 'chat', '$2y$10$4JBHoRBSZ6y/MSpFg3z.MuKjVoiFay8Q4W4IddcePPz7tZvsrNwhq', 'chat@zdzd.com', 'chat', 'chat', '959878', '2004-05-10', 'Male', 'chat', NULL, '2021-01-17 10:14:11', NULL, '10', '0', 'user'),
(19, 'vuln', '$2y$10$g6cor8/5lapPs1AsU0XFne/bpKYzTFFfNQrJsBH5kYbFFipDNiNHC', 'sqd@qsd.com', '&#60;script&#62;alert(&#34;vuln&#34;)&#60;/script&#62;', 'zdz', '87887', '5505-05-02', 'Male', '&#60;script&#62;alert(&#34;vuln&#34;)&#60;/script&#62;', NULL, '2021-04-13 23:19:18', NULL, '10', '0', 'user');

-- --------------------------------------------------------

--
-- Structure de la table `login_details`
--

DROP TABLE IF EXISTS `login_details`;
CREATE TABLE IF NOT EXISTS `login_details` (
  `login_details_id` int(11) NOT NULL AUTO_INCREMENT,
  `user_id` int(11) NOT NULL,
  `last_activity` timestamp NOT NULL DEFAULT current_timestamp(),
  `is_type` enum('no','yes') NOT NULL,
  PRIMARY KEY (`login_details_id`)
) ENGINE=MyISAM AUTO_INCREMENT=609 DEFAULT CHARSET=latin1;

--
-- Déchargement des données de la table `login_details`
--

INSERT INTO `login_details` (`login_details_id`, `user_id`, `last_activity`, `is_type`) VALUES
(1, 1, '2020-11-28 19:26:56', 'no'),
(2, 1, '2020-11-28 20:00:31', 'no'),
(3, 2, '2020-11-28 20:01:29', 'no'),
(4, 2, '2020-11-28 20:07:41', 'no'),
(5, 4, '2020-11-28 20:31:43', 'no'),
(6, 4, '2020-11-28 20:42:38', 'no'),
(7, 4, '2020-11-28 20:44:50', 'no'),
(8, 4, '2020-11-28 20:47:58', 'no'),
(9, 4, '2020-11-28 21:31:31', 'no'),
(10, 1, '2020-11-28 21:35:55', 'no'),
(11, 4, '2020-11-28 22:19:24', 'no'),
(12, 4, '2020-11-28 22:29:20', 'no'),
(13, 1, '2020-11-28 23:41:14', 'no'),
(14, 4, '2020-11-28 22:59:00', 'no'),
(15, 4, '2020-11-29 08:14:26', 'no'),
(16, 2, '2020-11-29 08:09:16', 'no'),
(17, 3, '2020-11-29 08:35:13', 'no'),
(18, 2, '2020-11-29 08:51:39', 'no'),
(19, 9, '2020-11-29 08:52:17', 'no'),
(20, 9, '2020-11-29 08:54:36', 'no'),
(21, 9, '2020-11-29 08:57:24', 'no'),
(22, 10, '2020-11-29 08:58:56', 'no'),
(23, 4, '2020-11-29 08:59:17', 'no'),
(24, 3, '2020-11-29 13:34:17', 'no'),
(25, 1, '2020-11-29 13:18:21', 'no'),
(26, 1, '2020-11-29 13:26:02', 'no'),
(27, 1, '2020-11-29 13:35:06', 'no'),
(28, 1, '2020-11-29 13:37:01', 'no'),
(29, 3, '2020-11-29 15:21:58', 'no'),
(30, 11, '2020-11-29 15:49:58', 'no'),
(31, 11, '2020-11-29 17:05:10', 'no'),
(32, 1, '2020-11-29 17:01:43', 'no'),
(33, 11, '2020-11-29 18:08:10', 'no'),
(34, 11, '2020-11-29 20:01:30', 'yes'),
(35, 1, '2020-11-29 20:01:35', 'no'),
(36, 11, '2020-11-29 20:20:46', 'no'),
(37, 1, '2020-11-29 20:05:20', 'no'),
(38, 1, '2020-11-29 20:20:53', 'no'),
(39, 11, '2020-11-29 21:42:29', 'no'),
(40, 3, '2020-11-29 20:22:51', 'no'),
(41, 1, '2020-11-29 20:31:10', 'no'),
(42, 1, '2020-11-29 21:38:03', 'no'),
(43, 11, '2020-11-30 11:23:09', 'no'),
(44, 12, '2020-11-30 11:41:34', 'no'),
(45, 12, '2020-11-30 11:51:38', 'no'),
(46, 12, '2020-11-30 11:54:35', 'no'),
(47, 11, '2020-11-30 11:55:24', 'no'),
(48, 11, '2020-11-30 11:56:19', 'no'),
(49, 11, '2020-11-30 17:04:28', 'no'),
(50, 12, '2020-11-30 17:03:37', 'no'),
(51, 11, '2020-11-30 17:12:57', 'no'),
(52, 11, '2020-11-30 17:14:07', 'no'),
(53, 12, '2020-11-30 17:37:31', 'no'),
(54, 12, '2020-11-30 18:04:31', 'no'),
(55, 12, '2020-11-30 21:55:55', 'no'),
(56, 1, '2020-11-30 21:42:09', 'no'),
(57, 12, '2020-12-01 12:38:32', 'no'),
(58, 12, '2020-12-01 12:45:51', 'no'),
(59, 1, '2020-12-01 15:47:39', 'no'),
(60, 12, '2020-12-01 17:33:00', 'no'),
(61, 12, '2020-12-01 18:17:59', 'no'),
(62, 12, '2020-12-01 22:08:16', 'no'),
(63, 3, '2020-12-01 21:10:27', 'no'),
(64, 3, '2020-12-01 21:17:31', 'no'),
(65, 3, '2020-12-01 21:25:14', 'no'),
(66, 3, '2020-12-01 21:39:46', 'no'),
(67, 12, '2020-12-01 22:08:28', 'no'),
(68, 3, '2020-12-01 22:20:51', 'no'),
(69, 12, '2020-12-02 08:37:25', 'no'),
(70, 12, '2020-12-02 10:54:04', 'no'),
(71, 3, '2020-12-02 10:52:12', 'no'),
(72, 3, '2020-12-02 10:57:10', 'no'),
(73, 12, '2020-12-02 10:57:13', 'no'),
(74, 12, '2020-12-02 18:17:59', 'no'),
(75, 3, '2020-12-02 16:42:53', 'no'),
(76, 3, '2020-12-02 16:44:17', 'no'),
(77, 12, '2020-12-02 16:57:17', 'no'),
(78, 12, '2020-12-03 17:22:55', 'no'),
(79, 12, '2020-12-05 11:02:54', 'no'),
(80, 13, '2020-12-05 11:32:29', 'no'),
(81, 13, '2020-12-05 14:33:07', 'no'),
(82, 13, '2020-12-05 15:08:55', 'no'),
(83, 13, '2020-12-05 16:02:15', 'no'),
(84, 13, '2020-12-05 18:06:06', 'no'),
(85, 13, '2020-12-05 18:16:08', 'no'),
(86, 13, '2020-12-06 12:41:05', 'no'),
(87, 13, '2020-12-06 14:44:10', 'no'),
(88, 13, '2020-12-06 19:01:07', 'no'),
(89, 13, '2020-12-07 21:30:06', 'no'),
(90, 13, '2020-12-08 13:49:01', 'no'),
(91, 12, '2020-12-08 11:58:03', 'no'),
(92, 13, '2020-12-08 15:07:11', 'no'),
(93, 12, '2020-12-08 14:20:14', 'no'),
(94, 13, '2020-12-08 14:40:56', 'no'),
(95, 12, '2020-12-08 16:05:33', 'no'),
(96, 13, '2020-12-08 16:11:25', 'no'),
(97, 13, '2020-12-08 16:48:51', 'no'),
(98, 13, '2020-12-08 16:51:00', 'no'),
(99, 13, '2020-12-08 17:10:07', 'no'),
(100, 12, '2020-12-08 17:10:31', 'no'),
(101, 13, '2020-12-08 17:12:15', 'no'),
(102, 13, '2020-12-08 21:08:30', 'no'),
(103, 12, '2020-12-08 21:05:19', 'no'),
(104, 13, '2020-12-08 22:43:22', 'no'),
(105, 13, '2020-12-09 13:43:24', 'no'),
(106, 13, '2020-12-09 21:50:56', 'no'),
(107, 12, '2020-12-09 20:54:43', 'no'),
(108, 3, '2020-12-09 20:55:38', 'no'),
(109, 13, '2020-12-10 11:09:17', 'no'),
(110, 12, '2020-12-10 12:12:52', 'no'),
(111, 13, '2020-12-10 12:06:32', 'no'),
(112, 13, '2020-12-10 12:40:56', 'no'),
(113, 13, '2020-12-10 16:10:58', 'no'),
(114, 13, '2020-12-11 21:24:18', 'no'),
(115, 13, '2020-12-12 11:41:29', 'no'),
(116, 13, '2020-12-12 12:09:28', 'no'),
(117, 13, '2020-12-12 13:39:18', 'no'),
(118, 13, '2020-12-12 18:57:06', 'no'),
(119, 13, '2020-12-12 22:30:01', 'no'),
(120, 12, '2020-12-12 21:12:03', 'no'),
(121, 13, '2020-12-13 16:50:48', 'no'),
(122, 13, '2020-12-13 18:53:06', 'no'),
(123, 13, '2020-12-13 19:58:32', 'no'),
(124, 13, '2020-12-15 14:37:04', 'no'),
(125, 13, '2020-12-16 12:49:24', 'no'),
(126, 12, '2020-12-17 15:23:58', 'no'),
(127, 12, '2020-12-17 15:25:38', 'no'),
(128, 14, '2020-12-17 17:28:02', 'no'),
(129, 12, '2020-12-17 16:03:56', 'no'),
(130, 14, '2020-12-18 20:44:01', 'no'),
(131, 14, '2020-12-19 19:37:31', 'yes'),
(132, 12, '2020-12-19 13:53:00', 'no'),
(133, 12, '2020-12-19 19:52:56', 'no'),
(134, 14, '2020-12-19 19:53:13', 'no'),
(135, 12, '2020-12-19 22:24:23', 'no'),
(136, 14, '2020-12-19 22:37:21', 'no'),
(137, 14, '2020-12-20 14:38:15', 'no'),
(138, 14, '2020-12-20 18:55:34', 'no'),
(139, 12, '2020-12-20 18:55:22', 'no'),
(140, 14, '2020-12-20 21:22:40', 'no'),
(141, 14, '2020-12-21 10:45:03', 'no'),
(142, 12, '2020-12-21 10:48:50', 'no'),
(143, 14, '2020-12-21 16:51:06', 'no'),
(144, 12, '2020-12-21 17:51:31', 'no'),
(145, 14, '2020-12-21 17:51:23', 'no'),
(146, 14, '2020-12-21 17:52:57', 'no'),
(147, 14, '2020-12-21 18:36:29', 'no'),
(148, 12, '2020-12-21 17:59:14', 'no'),
(149, 12, '2020-12-21 18:36:27', 'no'),
(150, 14, '2020-12-21 18:52:48', 'no'),
(151, 12, '2020-12-22 11:28:29', 'no'),
(152, 14, '2020-12-22 12:02:51', 'no'),
(153, 3, '2020-12-22 12:11:50', 'no'),
(154, 12, '2020-12-22 12:10:04', 'no'),
(155, 12, '2020-12-22 12:13:03', 'no'),
(156, 12, '2020-12-22 12:13:22', 'no'),
(157, 12, '2020-12-22 12:14:08', 'no'),
(158, 12, '2020-12-22 12:14:24', 'no'),
(159, 12, '2020-12-22 12:16:09', 'no'),
(160, 14, '2020-12-22 18:52:59', 'no'),
(161, 12, '2020-12-22 18:53:01', 'no'),
(162, 12, '2020-12-22 19:04:54', 'no'),
(163, 12, '2020-12-22 21:54:03', 'no'),
(164, 12, '2020-12-22 23:38:09', 'no'),
(165, 12, '2020-12-22 23:27:33', 'no'),
(166, 12, '2020-12-22 23:33:57', 'no'),
(167, 14, '2020-12-22 23:37:04', 'no'),
(168, 14, '2020-12-23 16:29:23', 'no'),
(169, 14, '2020-12-23 18:02:39', 'no'),
(170, 14, '2020-12-23 20:49:08', 'no'),
(171, 12, '2020-12-23 19:33:15', 'no'),
(172, 12, '2020-12-23 19:33:26', 'no'),
(173, 12, '2020-12-23 19:36:29', 'no'),
(174, 12, '2020-12-23 19:41:43', 'no'),
(175, 12, '2020-12-23 19:44:12', 'no'),
(176, 12, '2020-12-23 19:44:53', 'no'),
(177, 12, '2020-12-23 19:45:03', 'no'),
(178, 12, '2020-12-23 19:47:06', 'no'),
(179, 12, '2020-12-23 19:55:54', 'no'),
(180, 12, '2020-12-23 20:03:31', 'no'),
(181, 12, '2020-12-23 20:12:25', 'no'),
(182, 14, '2020-12-23 21:07:29', 'no'),
(183, 14, '2020-12-23 22:07:35', 'no'),
(184, 14, '2020-12-23 22:24:23', 'no'),
(185, 14, '2020-12-23 22:24:41', 'no'),
(186, 14, '2020-12-23 22:28:44', 'no'),
(187, 14, '2020-12-23 22:51:16', 'no'),
(188, 14, '2020-12-24 12:45:25', 'no'),
(189, 12, '2020-12-24 12:37:17', 'no'),
(190, 14, '2020-12-24 12:37:30', 'no'),
(191, 12, '2020-12-24 12:46:19', 'no'),
(192, 14, '2020-12-24 12:50:42', 'no'),
(193, 14, '2020-12-24 15:13:29', 'no'),
(194, 12, '2020-12-24 14:48:26', 'no'),
(195, 12, '2020-12-24 15:00:46', 'no'),
(196, 14, '2020-12-24 15:13:50', 'no'),
(197, 14, '2020-12-24 15:13:57', 'no'),
(198, 14, '2020-12-24 15:17:06', 'no'),
(199, 14, '2020-12-24 15:34:12', 'no'),
(200, 12, '2020-12-24 15:33:45', 'no'),
(201, 12, '2020-12-24 15:34:14', 'no'),
(202, 14, '2020-12-24 15:44:12', 'no'),
(203, 14, '2020-12-24 17:16:41', 'no'),
(204, 14, '2020-12-24 19:02:04', 'no'),
(205, 12, '2020-12-24 19:26:59', 'no'),
(206, 14, '2020-12-24 20:03:04', 'no'),
(207, 12, '2020-12-24 20:06:00', 'no'),
(208, 14, '2020-12-24 20:20:13', 'yes'),
(209, 12, '2020-12-24 20:22:31', 'no'),
(210, 12, '2020-12-24 20:24:07', 'no'),
(211, 14, '2020-12-24 20:25:44', 'no'),
(212, 14, '2020-12-24 20:26:14', 'no'),
(213, 14, '2020-12-24 20:26:29', 'no'),
(214, 14, '2020-12-24 20:26:58', 'no'),
(215, 14, '2020-12-24 20:27:17', 'no'),
(216, 14, '2020-12-24 21:05:14', 'no'),
(217, 14, '2020-12-24 21:19:16', 'no'),
(218, 14, '2020-12-24 22:36:40', 'no'),
(219, 12, '2020-12-24 22:03:23', 'no'),
(220, 12, '2020-12-24 22:20:29', 'no'),
(221, 14, '2020-12-25 12:47:28', 'no'),
(222, 12, '2020-12-25 11:30:48', 'no'),
(223, 14, '2020-12-25 13:08:35', 'no'),
(224, 15, '2020-12-25 16:06:04', 'no'),
(225, 15, '2020-12-25 16:07:37', 'no'),
(226, 14, '2020-12-25 16:07:55', 'no'),
(227, 15, '2020-12-25 16:11:48', 'no'),
(228, 15, '2020-12-25 17:02:49', 'no'),
(229, 14, '2020-12-25 18:21:07', 'no'),
(230, 12, '2020-12-25 18:34:33', 'no'),
(231, 12, '2020-12-25 18:40:37', 'no'),
(232, 12, '2020-12-25 18:52:26', 'no'),
(233, 12, '2020-12-25 19:03:52', 'no'),
(234, 14, '2020-12-25 19:50:33', 'no'),
(235, 15, '2020-12-25 20:05:32', 'no'),
(236, 14, '2020-12-25 20:23:47', 'no'),
(237, 14, '2020-12-25 20:30:08', 'no'),
(238, 14, '2020-12-25 20:33:15', 'no'),
(239, 14, '2020-12-25 20:40:15', 'no'),
(240, 14, '2020-12-25 20:44:57', 'no'),
(241, 14, '2020-12-25 20:45:13', 'no'),
(242, 14, '2020-12-25 20:50:31', 'no'),
(243, 14, '2020-12-25 23:09:09', 'no'),
(244, 12, '2020-12-25 21:39:49', 'no'),
(245, 14, '2020-12-26 09:25:05', 'no'),
(246, 15, '2020-12-26 09:44:03', 'no'),
(247, 14, '2020-12-26 18:13:26', 'no'),
(248, 12, '2020-12-26 12:44:38', 'no'),
(249, 12, '2020-12-26 13:20:19', 'no'),
(250, 14, '2020-12-26 13:31:25', 'no'),
(251, 14, '2020-12-26 14:20:00', 'no'),
(252, 12, '2020-12-26 17:00:44', 'no'),
(253, 12, '2020-12-26 17:26:55', 'no'),
(254, 15, '2020-12-26 17:27:07', 'no'),
(255, 14, '2020-12-27 10:22:51', 'no'),
(256, 14, '2020-12-27 11:10:17', 'yes'),
(257, 12, '2020-12-27 10:56:41', 'no'),
(258, 14, '2020-12-27 10:57:04', 'no'),
(259, 12, '2020-12-27 11:01:32', 'no'),
(260, 12, '2020-12-27 11:09:38', 'no'),
(261, 14, '2020-12-27 11:10:15', 'no'),
(262, 14, '2020-12-27 16:13:28', 'no'),
(263, 12, '2020-12-27 12:41:24', 'no'),
(264, 12, '2020-12-27 16:42:00', 'no'),
(265, 14, '2020-12-27 18:33:55', 'no'),
(266, 14, '2020-12-27 18:43:22', 'no'),
(267, 14, '2020-12-27 18:57:26', 'no'),
(268, 12, '2020-12-27 20:02:37', 'no'),
(269, 14, '2020-12-27 21:12:46', 'no'),
(270, 12, '2020-12-27 20:31:47', 'no'),
(271, 12, '2020-12-27 21:19:34', 'no'),
(272, 12, '2020-12-27 21:45:41', 'no'),
(273, 14, '2020-12-27 22:05:02', 'no'),
(274, 14, '2020-12-28 11:59:28', 'no'),
(275, 12, '2020-12-28 11:57:39', 'no'),
(276, 14, '2020-12-28 12:01:15', 'no'),
(277, 12, '2020-12-28 12:00:19', 'no'),
(278, 14, '2020-12-28 12:30:07', 'no'),
(279, 12, '2020-12-28 12:19:01', 'no'),
(280, 14, '2020-12-28 22:27:29', 'no'),
(281, 14, '2020-12-29 19:03:42', 'no'),
(282, 14, '2020-12-29 22:44:58', 'no'),
(283, 12, '2020-12-29 22:10:49', 'no'),
(284, 12, '2020-12-29 22:45:00', 'no'),
(285, 14, '2020-12-30 14:06:02', 'no'),
(286, 12, '2020-12-30 13:18:31', 'no'),
(287, 12, '2020-12-30 13:22:42', 'no'),
(288, 12, '2020-12-30 13:25:31', 'no'),
(289, 14, '2020-12-30 18:04:27', 'no'),
(290, 14, '2020-12-30 21:49:47', 'no'),
(291, 12, '2020-12-30 20:16:40', 'no'),
(292, 14, '2020-12-31 12:20:43', 'no'),
(293, 14, '2020-12-31 12:19:03', 'no'),
(294, 14, '2020-12-31 12:52:38', 'no'),
(295, 14, '2020-12-31 12:21:01', 'no'),
(296, 14, '2020-12-31 13:20:33', 'no'),
(297, 14, '2020-12-31 17:58:56', 'no'),
(298, 14, '2020-12-31 16:17:36', 'no'),
(299, 14, '2020-12-31 20:06:15', 'no'),
(300, 14, '2021-01-01 12:07:39', 'no'),
(301, 14, '2021-01-01 12:11:37', 'no'),
(302, 14, '2021-01-01 12:18:20', 'no'),
(303, 12, '2021-01-01 12:18:19', 'no'),
(304, 14, '2021-01-01 21:29:32', 'no'),
(305, 14, '2021-01-01 21:44:43', 'no'),
(306, 12, '2021-01-01 21:44:37', 'no'),
(307, 3, '2021-01-01 21:34:25', 'no'),
(308, 3, '2021-01-01 21:36:54', 'no'),
(309, 3, '2021-01-01 21:42:25', 'no'),
(310, 14, '2021-01-01 22:19:44', 'no'),
(311, 14, '2021-01-01 22:01:58', 'no'),
(312, 12, '2021-01-01 22:04:47', 'no'),
(313, 12, '2021-01-01 22:10:09', 'no'),
(314, 12, '2021-01-01 22:06:02', 'no'),
(315, 14, '2021-01-01 22:12:59', 'no'),
(316, 14, '2021-01-01 22:14:12', 'no'),
(317, 14, '2021-01-01 22:26:25', 'no'),
(318, 14, '2021-01-01 23:15:57', 'no'),
(319, 14, '2021-01-02 08:42:01', 'no'),
(320, 14, '2021-01-02 13:46:57', 'no'),
(321, 14, '2021-01-02 22:34:41', 'no'),
(322, 14, '2021-01-03 13:16:37', 'no'),
(323, 14, '2021-01-03 17:01:29', 'no'),
(324, 14, '2021-01-04 15:42:01', 'no'),
(325, 14, '2021-01-04 21:03:23', 'no'),
(326, 14, '2021-01-05 12:42:50', 'no'),
(327, 14, '2021-01-05 13:23:56', 'no'),
(328, 12, '2021-01-05 13:16:12', 'no'),
(329, 14, '2021-01-05 17:10:56', 'no'),
(330, 12, '2021-01-05 16:43:49', 'no'),
(331, 15, '2021-01-05 17:06:52', 'yes'),
(332, 15, '2021-01-05 17:10:51', 'yes'),
(333, 14, '2021-01-05 17:25:09', 'no'),
(334, 14, '2021-01-05 17:38:06', 'no'),
(335, 15, '2021-01-05 17:38:16', 'no'),
(336, 14, '2021-01-05 18:18:36', 'no'),
(337, 12, '2021-01-05 18:17:00', 'no'),
(338, 14, '2021-01-05 22:46:23', 'no'),
(339, 14, '2021-01-06 17:44:05', 'no'),
(340, 14, '2021-01-06 20:51:02', 'no'),
(341, 14, '2021-01-07 12:27:02', 'no'),
(342, 14, '2021-01-07 21:58:48', 'no'),
(343, 14, '2021-01-07 22:02:19', 'no'),
(344, 14, '2021-01-07 21:59:08', 'no'),
(345, 14, '2021-01-07 22:03:13', 'no'),
(346, 14, '2021-01-07 22:21:21', 'no'),
(347, 14, '2021-01-08 19:45:53', 'no'),
(348, 14, '2021-01-08 21:22:50', 'no'),
(349, 14, '2021-01-09 21:53:22', 'no'),
(350, 14, '2021-01-10 10:53:42', 'no'),
(351, 14, '2021-01-10 19:07:54', 'no'),
(352, 14, '2021-01-10 20:54:46', 'no'),
(353, 14, '2021-01-11 22:07:07', 'no'),
(354, 14, '2021-01-11 20:51:16', 'no'),
(355, 14, '2021-01-11 21:58:51', 'no'),
(356, 14, '2021-01-12 12:38:26', 'no'),
(357, 14, '2021-01-12 15:13:09', 'no'),
(358, 14, '2021-01-12 16:46:32', 'no'),
(359, 14, '2021-01-12 21:04:15', 'no'),
(360, 14, '2021-01-13 11:09:20', 'no'),
(361, 14, '2021-01-13 20:01:33', 'no'),
(362, 14, '2021-01-13 21:13:20', 'no'),
(363, 14, '2021-01-13 21:55:51', 'no'),
(364, 12, '2021-01-13 21:54:22', 'no'),
(365, 14, '2021-01-13 21:55:13', 'no'),
(366, 14, '2021-01-13 22:38:55', 'no'),
(367, 14, '2021-01-14 09:16:33', 'no'),
(368, 14, '2021-01-14 13:56:32', 'no'),
(369, 12, '2021-01-14 13:56:35', 'no'),
(370, 14, '2021-01-14 15:23:16', 'no'),
(371, 14, '2021-01-14 17:49:52', 'no'),
(372, 14, '2021-01-14 17:44:56', 'no'),
(373, 14, '2021-01-14 17:50:20', 'no'),
(374, 16, '2021-01-14 17:59:10', 'no'),
(375, 14, '2021-01-14 19:55:34', 'no'),
(376, 14, '2021-01-14 22:55:35', 'no'),
(377, 14, '2021-01-15 15:00:50', 'no'),
(378, 12, '2021-01-15 14:43:25', 'no'),
(379, 3, '2021-01-15 14:43:26', 'no'),
(380, 12, '2021-01-15 15:02:32', 'no'),
(381, 3, '2021-01-15 15:03:21', 'no'),
(382, 15, '2021-01-15 15:04:13', 'no'),
(383, 16, '2021-01-15 15:13:09', 'no'),
(384, 14, '2021-01-15 15:54:46', 'yes'),
(385, 14, '2021-01-15 20:16:24', 'no'),
(386, 14, '2021-01-15 21:48:20', 'no'),
(387, 14, '2021-01-15 22:15:23', 'no'),
(388, 12, '2021-01-15 22:22:31', 'no'),
(389, 14, '2021-01-15 22:20:59', 'yes'),
(390, 14, '2021-01-16 11:19:50', 'no'),
(391, 12, '2021-01-16 09:43:27', 'no'),
(392, 12, '2021-01-16 09:47:15', 'no'),
(393, 12, '2021-01-16 11:15:52', 'no'),
(394, 12, '2021-01-16 11:17:36', 'no'),
(395, 12, '2021-01-16 11:19:50', 'no'),
(396, 14, '2021-01-16 14:25:18', 'no'),
(397, 14, '2021-01-16 14:26:51', 'no'),
(398, 14, '2021-01-16 14:33:26', 'no'),
(399, 14, '2021-01-16 14:35:09', 'no'),
(400, 14, '2021-01-16 14:43:51', 'no'),
(401, 14, '2021-01-16 14:47:43', 'no'),
(402, 14, '2021-01-16 16:28:14', 'yes'),
(403, 12, '2021-01-16 16:28:12', 'yes'),
(404, 14, '2021-01-16 18:11:50', 'no'),
(405, 12, '2021-01-16 18:06:31', 'no'),
(406, 12, '2021-01-16 19:15:06', 'no'),
(407, 14, '2021-01-16 20:20:42', 'no'),
(408, 12, '2021-01-16 19:57:17', 'no'),
(409, 14, '2021-01-16 22:11:48', 'no'),
(410, 14, '2021-01-17 09:57:15', 'no'),
(411, 14, '2021-01-17 10:04:40', 'no'),
(412, 14, '2021-01-17 10:06:11', 'no'),
(413, 14, '2021-01-17 10:13:38', 'no'),
(414, 17, '2021-01-17 10:26:48', 'yes'),
(415, 14, '2021-01-17 11:57:41', 'no'),
(416, 17, '2021-01-17 12:43:19', 'no'),
(417, 14, '2021-01-17 12:54:46', 'no'),
(418, 14, '2021-01-17 14:46:10', 'no'),
(419, 14, '2021-01-17 13:05:37', 'no'),
(420, 12, '2021-01-17 13:24:51', 'no'),
(421, 12, '2021-01-17 14:16:25', 'no'),
(422, 14, '2021-01-17 14:46:29', 'no'),
(423, 17, '2021-01-17 15:37:42', 'no'),
(424, 14, '2021-01-17 17:02:46', 'no'),
(425, 14, '2021-01-17 17:43:44', 'no'),
(426, 12, '2021-01-17 19:01:27', 'no'),
(427, 14, '2021-01-17 21:49:22', 'no'),
(428, 14, '2021-01-17 21:52:17', 'no'),
(429, 14, '2021-01-17 21:55:01', 'no'),
(430, 14, '2021-01-17 21:56:21', 'no'),
(431, 14, '2021-01-17 21:57:12', 'no'),
(432, 14, '2021-01-17 21:57:42', 'no'),
(433, 14, '2021-01-17 22:20:24', 'no'),
(434, 14, '2021-01-17 22:21:06', 'no'),
(435, 14, '2021-01-17 22:24:03', 'no'),
(436, 14, '2021-01-17 22:26:29', 'no'),
(437, 14, '2021-01-17 22:43:40', 'no'),
(438, 14, '2021-01-17 22:46:07', 'no'),
(439, 14, '2021-01-17 22:48:44', 'no'),
(440, 14, '2021-01-17 22:50:13', 'no'),
(441, 14, '2021-01-18 10:54:17', 'no'),
(442, 12, '2021-01-18 11:16:15', 'no'),
(443, 14, '2021-01-18 11:28:08', 'yes'),
(444, 16, '2021-01-18 11:33:42', 'yes'),
(445, 14, '2021-01-18 11:29:32', 'no'),
(446, 14, '2021-01-18 11:35:07', 'no'),
(447, 14, '2021-01-18 18:33:27', 'no'),
(448, 16, '2021-01-18 20:30:04', 'no'),
(449, 14, '2021-01-18 19:33:38', 'yes'),
(450, 14, '2021-01-18 22:53:29', 'no'),
(451, 14, '2021-01-19 11:16:04', 'no'),
(452, 12, '2021-01-19 11:05:20', 'no'),
(453, 14, '2021-01-19 11:48:56', 'no'),
(454, 12, '2021-01-19 11:33:23', 'no'),
(455, 12, '2021-01-19 11:34:15', 'yes'),
(456, 14, '2021-01-19 14:08:15', 'no'),
(457, 14, '2021-01-19 18:25:44', 'no'),
(458, 14, '2021-01-19 21:46:20', 'no'),
(459, 12, '2021-01-19 21:42:51', 'no'),
(460, 14, '2021-01-20 12:34:35', 'no'),
(461, 12, '2021-01-20 12:02:39', 'no'),
(462, 14, '2021-01-20 18:14:31', 'no'),
(463, 15, '2021-01-20 18:15:08', 'no'),
(464, 14, '2021-01-20 18:51:10', 'no'),
(465, 14, '2021-01-20 20:33:31', 'no'),
(466, 14, '2021-01-20 20:32:52', 'no'),
(467, 12, '2021-01-20 20:33:31', 'no'),
(468, 14, '2021-01-20 23:13:41', 'no'),
(469, 12, '2021-01-20 23:07:03', 'no'),
(470, 14, '2021-01-21 10:48:30', 'no'),
(471, 14, '2021-01-21 10:48:55', 'no'),
(472, 14, '2021-01-21 13:56:52', 'no'),
(473, 14, '2021-01-21 17:39:40', 'no'),
(474, 12, '2021-01-21 17:39:39', 'no'),
(475, 14, '2021-01-21 19:47:12', 'no'),
(476, 14, '2021-01-22 10:02:31', 'no'),
(477, 14, '2021-01-22 14:29:19', 'no'),
(478, 14, '2021-01-22 16:32:10', 'no'),
(479, 14, '2021-01-22 22:51:27', 'no'),
(480, 14, '2021-01-23 17:35:38', 'no'),
(481, 14, '2021-01-23 20:13:46', 'no'),
(482, 14, '2021-01-23 23:23:00', 'no'),
(483, 14, '2021-01-24 11:59:34', 'no'),
(484, 14, '2021-01-24 14:22:04', 'no'),
(485, 14, '2021-01-24 14:27:25', 'no'),
(486, 12, '2021-01-24 14:29:36', 'no'),
(487, 14, '2021-01-24 17:06:29', 'no'),
(488, 14, '2021-01-24 20:09:53', 'no'),
(489, 14, '2021-01-24 21:08:24', 'no'),
(490, 14, '2021-01-25 09:37:43', 'no'),
(491, 14, '2021-01-25 09:40:41', 'no'),
(492, 14, '2021-01-25 10:59:46', 'no'),
(493, 14, '2021-01-25 21:09:34', 'no'),
(494, 12, '2021-01-25 21:07:14', 'no'),
(495, 14, '2021-01-25 21:33:38', 'no'),
(496, 14, '2021-01-26 12:57:08', 'no'),
(497, 14, '2021-01-27 11:50:43', 'no'),
(498, 14, '2021-01-28 18:16:21', 'no'),
(499, 14, '2021-01-28 21:48:17', 'no'),
(500, 14, '2021-01-29 11:43:09', 'no'),
(501, 14, '2021-01-29 13:44:01', 'no'),
(502, 14, '2021-01-29 20:54:13', 'no'),
(503, 14, '2021-01-30 13:06:37', 'no'),
(504, 14, '2021-01-30 21:07:19', 'no'),
(505, 14, '2021-02-03 20:20:37', 'no'),
(506, 14, '2021-02-03 22:25:49', 'no'),
(507, 14, '2021-02-04 12:22:44', 'no'),
(508, 14, '2021-02-04 21:00:15', 'no'),
(509, 12, '2021-02-04 21:00:17', 'no'),
(510, 14, '2021-02-05 21:39:40', 'no'),
(511, 12, '2021-02-05 21:23:49', 'no'),
(512, 14, '2021-02-05 21:35:18', 'no'),
(513, 12, '2021-02-05 21:39:35', 'no'),
(514, 14, '2021-02-06 20:44:52', 'no'),
(515, 14, '2021-02-06 18:26:58', 'no'),
(516, 14, '2021-02-06 18:32:38', 'no'),
(517, 14, '2021-02-07 21:30:10', 'no'),
(518, 12, '2021-02-07 21:31:01', 'no'),
(519, 12, '2021-02-07 21:45:13', 'no'),
(520, 14, '2021-02-07 23:42:24', 'no'),
(521, 14, '2021-02-08 10:44:04', 'no'),
(522, 14, '2021-02-08 09:56:12', 'no'),
(523, 14, '2021-02-08 10:20:55', 'no'),
(524, 14, '2021-02-08 11:38:54', 'no'),
(525, 12, '2021-02-08 11:38:23', 'no'),
(526, 12, '2021-02-08 11:40:08', 'no'),
(527, 12, '2021-02-08 12:38:47', 'no'),
(528, 12, '2021-02-08 11:46:49', 'no'),
(529, 14, '2021-02-08 11:47:09', 'no'),
(530, 12, '2021-02-08 11:47:20', 'no'),
(531, 14, '2021-02-08 12:16:47', 'no'),
(532, 12, '2021-02-08 12:24:25', 'no'),
(533, 14, '2021-02-08 12:30:41', 'no'),
(534, 12, '2021-02-08 12:36:51', 'no'),
(535, 14, '2021-02-08 12:40:29', 'no'),
(536, 14, '2021-02-08 12:40:51', 'no'),
(537, 14, '2021-02-08 14:16:27', 'no'),
(538, 14, '2021-02-08 20:00:50', 'no'),
(539, 14, '2021-02-08 21:17:15', 'no'),
(540, 14, '2021-02-08 21:01:57', 'no'),
(541, 14, '2021-02-08 21:06:24', 'no'),
(542, 14, '2021-02-09 13:37:44', 'no'),
(543, 14, '2021-02-09 13:42:53', 'no'),
(544, 14, '2021-02-09 16:02:51', 'no'),
(545, 14, '2021-02-09 17:50:51', 'no'),
(546, 14, '2021-02-09 22:35:13', 'no'),
(547, 14, '2021-02-10 12:08:19', 'no'),
(548, 14, '2021-02-10 12:56:16', 'no'),
(549, 14, '2021-02-11 17:38:03', 'no'),
(550, 14, '2021-02-11 21:18:03', 'no'),
(551, 12, '2021-02-11 21:18:04', 'no'),
(552, 14, '2021-02-11 21:59:46', 'no'),
(553, 14, '2021-02-12 10:13:27', 'no'),
(554, 14, '2021-02-12 10:42:27', 'no'),
(555, 14, '2021-02-12 11:33:12', 'no'),
(556, 14, '2021-02-13 14:15:38', 'no'),
(557, 14, '2021-02-13 16:28:15', 'no'),
(558, 14, '2021-02-13 19:07:31', 'no'),
(559, 14, '2021-02-16 11:57:53', 'no'),
(560, 14, '2021-02-16 20:55:52', 'no'),
(561, 14, '2021-02-21 19:58:27', 'no'),
(562, 14, '2021-02-22 10:19:12', 'no'),
(563, 14, '2021-03-01 21:25:42', 'no'),
(564, 14, '2021-03-02 09:26:22', 'no'),
(565, 14, '2021-03-04 13:43:00', 'no'),
(566, 14, '2021-03-04 13:40:00', 'no'),
(567, 12, '2021-03-04 13:40:28', 'no'),
(568, 14, '2021-03-07 13:05:25', 'no'),
(569, 14, '2021-03-09 21:17:10', 'no'),
(570, 14, '2021-03-18 22:01:25', 'no'),
(571, 12, '2021-03-18 21:26:17', 'no'),
(572, 12, '2021-03-18 21:31:24', 'no'),
(573, 12, '2021-03-18 22:01:35', 'no'),
(574, 12, '2021-03-19 08:32:56', 'no'),
(575, 14, '2021-03-19 22:25:20', 'no'),
(576, 12, '2021-03-19 22:19:55', 'no'),
(577, 14, '2021-03-20 19:34:49', 'no'),
(578, 14, '2021-04-09 12:05:22', 'no'),
(579, 14, '2021-04-12 21:34:00', 'no'),
(580, 14, '2021-04-13 23:01:13', 'no'),
(581, 18, '2021-04-13 23:02:34', 'no'),
(582, 14, '2021-04-13 23:03:05', 'no'),
(583, 18, '2021-04-13 23:04:08', 'no'),
(584, 14, '2021-04-13 23:04:24', 'no'),
(585, 14, '2021-04-13 23:17:29', 'no'),
(586, 19, '2021-04-13 23:19:43', 'no'),
(587, 14, '2021-04-13 23:51:40', 'no'),
(588, 14, '2021-04-14 13:02:31', 'no'),
(589, 14, '2021-04-15 13:22:23', 'no'),
(590, 14, '2021-04-15 14:55:54', 'no'),
(591, 14, '2021-04-15 14:57:10', 'no'),
(592, 14, '2021-04-15 14:58:56', 'no'),
(593, 14, '2021-04-15 22:21:40', 'no'),
(594, 14, '2021-04-17 14:55:27', 'no'),
(595, 14, '2021-04-20 12:07:07', 'no'),
(596, 14, '2021-04-24 22:18:32', 'no'),
(597, 14, '2021-04-24 22:51:02', 'no'),
(598, 14, '2021-04-26 11:49:23', 'no'),
(599, 14, '2021-04-26 10:50:01', 'no'),
(600, 14, '2021-04-26 11:53:16', 'no'),
(601, 14, '2021-04-26 20:35:15', 'no'),
(602, 14, '2021-04-27 21:12:15', 'no'),
(603, 14, '2021-04-27 21:12:29', 'no'),
(604, 14, '2021-04-27 21:23:55', 'no'),
(605, 14, '2021-04-28 00:08:31', 'no'),
(606, 14, '2021-04-28 09:33:33', 'no'),
(607, 14, '2021-04-28 14:33:14', 'no'),
(608, 14, '2021-04-28 14:28:55', 'no');

-- --------------------------------------------------------

--
-- Structure de la table `messages`
--

DROP TABLE IF EXISTS `messages`;
CREATE TABLE IF NOT EXISTS `messages` (
  `message_id` int(6) UNSIGNED NOT NULL AUTO_INCREMENT,
  `name` varchar(30) NOT NULL,
  `email` varchar(30) NOT NULL,
  `message` varchar(50) DEFAULT NULL,
  `date` timestamp NOT NULL DEFAULT current_timestamp() ON UPDATE current_timestamp(),
  PRIMARY KEY (`message_id`)
) ENGINE=MyISAM DEFAULT CHARSET=latin1;

-- --------------------------------------------------------

--
-- Structure de la table `notifications`
--

DROP TABLE IF EXISTS `notifications`;
CREATE TABLE IF NOT EXISTS `notifications` (
  `notif_id` int(6) UNSIGNED NOT NULL AUTO_INCREMENT,
  `notification_receiver_id` int(11) NOT NULL,
  `notification_text` text COLLATE utf8mb4_unicode_ci NOT NULL,
  `read_notification` enum('no','yes') COLLATE utf8mb4_unicode_ci NOT NULL,
  `sent on` timestamp NOT NULL DEFAULT current_timestamp() ON UPDATE current_timestamp(),
  PRIMARY KEY (`notif_id`)
) ENGINE=InnoDB DEFAULT CHARSET=utf8mb4 COLLATE=utf8mb4_unicode_ci;

-- --------------------------------------------------------

--
-- Structure de la table `posts`
--

DROP TABLE IF EXISTS `posts`;
CREATE TABLE IF NOT EXISTS `posts` (
  `post_id` int(6) UNSIGNED NOT NULL AUTO_INCREMENT,
  `by_user` varchar(255) COLLATE utf8mb4_unicode_ci NOT NULL,
  `post` mediumtext COLLATE utf8mb4_unicode_ci DEFAULT NULL,
  `posted_on` timestamp NOT NULL DEFAULT current_timestamp() ON UPDATE current_timestamp(),
  `image` varchar(255) COLLATE utf8mb4_unicode_ci DEFAULT NULL,
  PRIMARY KEY (`post_id`)
) ENGINE=MyISAM AUTO_INCREMENT=88 DEFAULT CHARSET=utf8mb4 COLLATE=utf8mb4_unicode_ci;

--
-- Déchargement des données de la table `posts`
--

INSERT INTO `posts` (`post_id`, `by_user`, `post`, `posted_on`, `image`) VALUES
(3, 'azizvirus', 'this is a post', '2020-12-08 16:47:09', NULL),
(4, 'azizvirus', 'zdzqdqdzdzqdqdzdzqdqdzdzqdqdzdzqdqdzdzqdqdzdzqdqdzdzqdqdzdzqdqdzdzqdqdzdzqdqdzdzqdqdzdzqdqdzdzqdqdzdzqdqdzdzqdqdzdzqdqdzdzqdqdzdzqdqdzdzqdqdzdzqdqdzdzqdqdzdzqdqdzdzqdqdzdzqdqdzdzqdqdzdzqdqdzdzqdqdzdzqdqdzdzqdqd', '2020-12-08 16:49:08', NULL),
(5, 'yahyabecha123', 'asdazs', '2020-12-08 17:10:15', NULL),
(6, 'azizvirus', 'aziz', '2020-12-10 15:59:06', NULL),
(8, 'yahyabecha123', 'hello there !', '2020-12-12 21:11:52', NULL),
(9, 'azizvirus', 'zdq', '2020-12-19 14:09:09', NULL),
(10, 'azizvirus', 'sd', '2020-12-19 14:10:10', NULL),
(11, 'azizvirus', 'good afternoon', '2020-12-19 18:44:41', NULL),
(12, 'yahyabecha123', 'hello there !\r\nnom im testing the post system\r\nthanks !', '2020-12-19 21:55:21', NULL),
(13, 'yahyabecha123', 'hello world', '2020-12-22 11:24:50', NULL),
(14, 'davidMoore', 'good morning everyone !', '2020-12-22 12:07:29', NULL),
(15, 'azizvirus', 'hello', '2020-12-26 18:05:26', NULL),
(16, 'azizvirus', 'wa', '2020-12-27 12:30:16', NULL),
(17, 'azizvirus', 'test ajax', '2020-12-27 12:40:16', NULL),
(18, 'yahyabecha123', 'good morning', '2020-12-27 12:40:43', NULL),
(19, 'yahyabecha123', 'zd', '2020-12-27 12:41:10', NULL),
(20, 'azizvirus', 'test header', '2020-12-28 19:07:21', NULL),
(21, 'azizvirus', 'hello \n world', '2021-01-01 12:08:40', NULL),
(22, 'azizvirus', 'good \n morning', '2021-01-01 12:08:54', NULL),
(23, 'azizvirus', 'hi !', '2021-01-03 16:27:04', NULL),
(24, 'azizvirus', 'good night !', '2021-01-05 19:26:53', NULL),
(26, 'azizvirus', 'hi', '2021-01-05 19:37:49', NULL),
(27, 'azizvirus', 'hi', '2021-01-05 19:38:45', NULL),
(28, 'azizvirus', 'ho', '2021-01-05 19:39:05', NULL),
(29, 'azizvirus', 'hi', '2021-01-05 19:42:47', NULL),
(30, 'azizvirus', 'hi', '2021-01-05 19:42:56', NULL),
(31, 'azizvirus', 'zefdq', '2021-01-06 17:26:37', NULL),
(32, 'azizvirus', 'zefdq', '2021-01-06 17:27:21', NULL),
(33, 'azizvirus', 'scr', '2021-01-06 17:27:32', NULL),
(34, 'azizvirus', 'php', '2021-01-06 17:27:55', NULL),
(35, 'azizvirus', 'php', '2021-01-06 17:29:20', NULL),
(36, 'azizvirus', 'php', '2021-01-06 17:29:21', NULL),
(37, 'azizvirus', 'php', '2021-01-06 17:29:38', NULL),
(38, 'azizvirus', 'test form', '2021-01-07 11:24:02', NULL),
(39, 'azizvirus', 'test form', '2021-01-07 11:24:02', NULL),
(40, 'azizvirus', 'bonsoir', '2021-01-07 11:47:42', NULL),
(41, 'azizvirus', 'good night', '2021-01-07 22:04:03', NULL),
(45, 'azizvirus', 'qsdqd', '2021-01-15 21:46:07', NULL),
(46, 'azizvirus', 'je suis yahya becha', '2021-01-15 21:47:15', NULL),
(47, 'yahyabecha123', 'link', '2021-01-16 18:12:40', NULL),
(48, 'yahyabecha123', '<link', '2021-01-16 18:12:48', NULL),
(49, 'yahyabecha123', 'script', '2021-01-16 18:17:43', NULL),
(50, 'yahyabecha123', '  hello', '2021-01-16 18:39:46', NULL),
(51, 'yahyabecha123', 'je m appelle aziz', '2021-01-16 18:39:56', NULL),
(52, 'azizvirus', '😋😋', '2021-01-16 19:34:34', NULL),
(53, 'azizvirus', '🇹🇳', '2021-01-16 19:58:42', NULL),
(54, 'azizvirus', '😍😋😜😉😇😙🤠😋🤬😡😖😨🤬😣😣😐😕😕🧐😐😣🤓', '2021-01-16 22:07:10', NULL),
(55, 'azizvirus', 'bonjour yasmine !!😍', '2021-01-17 09:48:15', NULL),
(56, 'azizvirus', '🤣🤣', '2021-01-17 13:25:09', NULL),
(57, 'azizvirus', 'ثب', '2021-01-17 13:46:23', NULL),
(58, 'azizvirus', 'درة 😊😀😘😛🤩\r\n\r\n', '2021-01-17 13:48:00', NULL),
(59, 'azizvirus', '😎🤑🤑😍😇 ياسمين', '2021-01-17 13:50:19', NULL),
(60, 'azizvirus', 'عزيز', '2021-01-17 13:51:47', NULL),
(61, 'azizvirus', 'يحيي😎😛😘🤑🤩🤩', '2021-01-17 13:53:43', NULL),
(62, 'azizvirus', ' faez', '2021-01-17 16:38:29', NULL),
(63, 'azizvirus', '🇪🇹🇵🇫', '2021-01-20 18:00:15', NULL),
(64, 'azizvirus', '🚘🚘', '2021-01-20 18:01:12', NULL),
(65, 'azizvirus', 'mabrouk rbe7t maana malyoun cash🤑🤑💸💰 ', '2021-01-20 20:37:06', NULL),
(66, 'azizvirus', 'hi', '2021-01-20 20:59:31', NULL),
(67, 'azizvirus', 'good night', '2021-01-20 21:38:23', NULL),
(68, 'azizvirus', '🌉good night mara okhra ', '2021-01-20 22:46:31', NULL),
(69, 'azizvirus', 'feffeffeffeffeffeffeffeffeffeffeffeffeffeffeffeffeffeffeffeffeffeffeffeffeffeffeffeffeffeffeffeffeffeffeffeffeffeffeffeffeffeffeffeffeffeffeffeffeffef', '2021-01-20 22:52:30', NULL),
(70, 'yahyabecha123', 'testing ajax', '2021-01-20 23:05:01', NULL),
(71, 'yahyabecha123', 'test ajax another time', '2021-01-20 23:07:01', NULL),
(77, 'azizvirus', 'firebase', '2021-02-05 21:02:50', NULL),
(75, 'azizvirus', 'hi', '2021-01-30 21:20:52', NULL),
(76, 'azizvirus', 'efqdzq', '2021-01-30 21:21:48', NULL),
(79, 'azizvirus', 'bnj', '2021-02-08 10:04:31', NULL),
(80, 'azizvirus', '👍 👍 ', '2021-02-08 13:53:48', NULL),
(81, 'azizvirus', 'welcome back !', '2021-03-04 13:39:42', NULL),
(82, 'yahyabecha123', 'hello there !!!', '2021-03-04 13:40:21', NULL),
(84, 'azizvirus', 'script', '2021-03-19 21:18:51', NULL),
(85, 'azizvirus', 'script', '2021-03-19 21:19:36', NULL),
(86, 'azizvirus', 'szq', '2021-03-19 22:14:30', NULL),
(87, 'azizvirus', '&#60;script&#62;alert(&#34;hack&#34;)&#60;/script&#62;', '2021-04-13 23:26:11', NULL);

-- --------------------------------------------------------

--
-- Structure de la table `reports`
--

DROP TABLE IF EXISTS `reports`;
CREATE TABLE IF NOT EXISTS `reports` (
  `id` int(6) UNSIGNED NOT NULL AUTO_INCREMENT,
  `name` varchar(30) NOT NULL,
  `email` varchar(30) NOT NULL,
  `message` varchar(50) DEFAULT NULL,
  `date` timestamp NOT NULL DEFAULT current_timestamp() ON UPDATE current_timestamp(),
  PRIMARY KEY (`id`)
) ENGINE=MyISAM AUTO_INCREMENT=4 DEFAULT CHARSET=latin1;

--
-- Déchargement des données de la table `reports`
--

INSERT INTO `reports` (`id`, `name`, `email`, `message`, `date`) VALUES
(1, 'aziz', 'aziz07becha@gmail.com', 'test', '2020-11-27 18:37:08'),
(2, 'aziz', 'aziz07becha@gmail.com', 'test', '2020-11-27 18:44:48'),
(3, 'aziz', 'aziz@aziz.com', 'azazazaz', '2020-11-27 18:56:07');

-- --------------------------------------------------------

--
-- Structure de la table `stories`
--

DROP TABLE IF EXISTS `stories`;
CREATE TABLE IF NOT EXISTS `stories` (
  `story_id` int(11) NOT NULL AUTO_INCREMENT,
  `by_user` varchar(255) NOT NULL,
  `image` varchar(255) DEFAULT NULL,
  `posted_on` timestamp NOT NULL DEFAULT current_timestamp() ON UPDATE current_timestamp(),
  PRIMARY KEY (`story_id`)
) ENGINE=MyISAM AUTO_INCREMENT=11 DEFAULT CHARSET=latin1;

--
-- Déchargement des données de la table `stories`
--

INSERT INTO `stories` (`story_id`, `by_user`, `image`, `posted_on`) VALUES
(1, 'azizvirus', 'images/stories/979571374722.jpg', '2021-03-18 20:33:19'),
(2, 'azizvirus', 'images/stories/904469357904.png', '2021-03-18 20:48:23'),
(3, 'azizvirus', 'images/stories/843574073546.png', '2021-03-18 21:12:05'),
(4, 'azizvirus', 'images/stories/909127178085.png', '2021-03-18 21:21:56'),
(5, 'azizvirus', 'images/stories/410368584077.png', '2021-03-18 21:40:23'),
(6, 'yahyabecha123', 'images/stories/780291593819.jpg', '2021-03-18 21:54:34'),
(7, 'azizvirus', 'images/stories/425771948470.jpg', '2021-03-19 21:31:10'),
(8, 'yahyabecha123', 'images/stories/449514278516.png', '2021-03-19 22:19:48'),
(9, 'azizvirus', 'images/stories/432652783476.jpg', '2021-04-09 10:20:39'),
(10, 'azizvirus', 'images/stories/214921940294.png', '2021-04-24 22:47:12');
COMMIT;

/*!40101 SET CHARACTER_SET_CLIENT=@OLD_CHARACTER_SET_CLIENT */;
/*!40101 SET CHARACTER_SET_RESULTS=@OLD_CHARACTER_SET_RESULTS */;
/*!40101 SET COLLATION_CONNECTION=@OLD_COLLATION_CONNECTION */;
